{
  "project_info": {
    "project_number": "752825321385",
    "project_id": "friendly-chat-1e9be",
    "storage_bucket": "friendly-chat-1e9be.appspot.com"
  },
  "client": [
    {
      "client_info": {
        "mobilesdk_app_id": "1:752825321385:android:049a25f07fe205b009a6b8",
        "android_client_info": {
          "package_name": "com.example.chat_app"
        }
      },
      "oauth_client": [
        {
          "client_id": "752825321385-qhpjt8ppeprpbckeg2jkug1ff53kvefa.apps.googleusercontent.com",
          "client_type": 3
        }
      ],
      "api_key": [
        {
          "current_key": "AIzaSyD3VTuPqpYYSRTwzZ5lybW11zaLwV7Ai6s"
        }
      ],
      "services": {
        "appinvite_service": {
          "other_platform_oauth_client": [
            {
              "client_id": "752825321385-qhpjt8ppeprpbckeg2jkug1ff53kvefa.apps.googleusercontent.com",
              "client_type": 3
            }
          ]
        }
      }
    }
  ],
  "configuration_version": "1"
}