{
  "kind": "collectionType",
  "collectionName": "products",
  "info": {
    "singularName": "product",
    "pluralName": "products",
    "displayName": "product",
    "description": ""
  },
  "options": {
    "draftAndPublish": true
  },
  "pluginOptions": {},
  "attributes": {
    "title": {
      "type": "string",
      "required": true,
      "maxLength": 100,
      "minLength": 3
    },
    "description": {
      "type": "text"
    },
    "price": {
      "type": "decimal",
      "required": true
    },
    "featured": {
      "type": "boolean",
      "default": false
    },
    "image": {
      "type": "media",
      "multiple": true,
      "required": true,
      "allowedTypes": ["images", "files", "videos", "audios"]
    },
    "categories": {
      "type": "relation",
      "relation": "manyToMany",
      "target": "api::category.category",
      "inversedBy": "products"
    }
  }
}
